sample_id,method,groundedness_score,conservatism_score,explanation_quality_score,judge_summary
P001,llm_multimodal,4,5,4,"The output is well grounded in the visible text and image, correctly identifying multiple claims such as V-Label certifications, natural product claims, and Nutriscore A. It avoids over-claiming by noting the vagueness of some claims and the lack of explicit eco-friendly packaging claims. The explanation is clear and detailed, linking evidence to claims and risk assessment, though some points could be more concise."
P002,llm_multimodal,5,5,5,"The output is fully grounded in the provided text and image, accurately reflecting the organic and fair trade claims with strong evidence. It is conservative, avoiding overstatements and only reporting verifiable claims. The explanations are clear, detailed, and well linked to the evidence, providing a thorough reasoning summary."
P003,llm_multimodal,5,5,4,"The output is well grounded in the provided text and image, accurately identifying the recyclable packaging claim and supporting symbols. It avoids over-claiming by not inferring unsupported organic or compostability claims. The explanation is clear and mostly thorough, though it could slightly improve by explicitly noting the absence of organic certification in the text."
P004,llm_multimodal,4,4,4,"The output is well grounded in the visible text and image, accurately identifying claims and certifications present on the packaging. It is conservative, avoiding overstatements and acknowledging the vagueness of some claims. The explanation is clear and detailed, providing reasoning for the risk score and highlighting areas needing human verification."
P005,llm_multimodal,4,4,4,"The output is well grounded in the provided text and image, accurately reflecting the product's plant-based and certification claims. It avoids over-claiming by noting some claims are broad and assigns a low risk score appropriately. The explanation is clear, detailed, and links evidence to reasoning effectively."
P006,llm_multimodal,4,4,4,"The output is well grounded in visible input, accurately citing packaging text and labels. It is conservative, avoiding overstatements and acknowledging limitations in evidence. The explanation is clear and detailed, providing a balanced reasoning summary and noting areas needing human verification."
P007,llm_multimodal,4,5,4,"The output is well grounded in the provided text and image, accurately identifying relevant claims and labels. It is conservative, avoiding overstatements and acknowledging limitations in environmental impact details. The explanation is clear and sufficiently detailed, linking claims to evidence and justifying the medium risk rating, though it could slightly improve by elaborating on packaging concerns."
P008,llm_multimodal,5,5,4,"The output is well grounded in the visible text and image, accurately reflecting the organic, plant-based, and certification claims present. It is conservative, avoiding overstatements by noting moderate evidence strength and low risk. The explanation is clear and detailed, though it could slightly improve by elaborating on the absence of quantitative environmental data."
P009,llm_multimodal,5,5,5,"The output is well grounded in the provided text and image, correctly identifying the specific sustainability claim about the packaging. It avoids over-claiming by distinguishing between sustainability and nutritional/health claims. The explanation is clear, detailed, and logically supports the low greenwashing risk assessment."
P010,llm_multimodal,5,5,4,"The output is well grounded in the provided text and image, accurately identifying organic and certification claims with strong evidence. It is conservative, avoiding overstatements and acknowledging implicit plant-based nature without exaggeration. The explanation is clear and detailed, though it could be slightly more concise."
P011,llm_multimodal,5,5,4,"The output correctly identifies the explicit packaging recyclability claim visible in the text and packaging, grounding its assessment well. It avoids over-claiming by distinguishing nutritional labels from sustainability claims and assigns a low greenwashing risk appropriately. The explanation is clear and mostly complete, though it could slightly improve by explicitly stating why other claims are not sustainability-related."
P012,llm_multimodal,5,5,5,"The output is fully grounded in the provided text and image, accurately identifying organic and plant-based claims with strong certification evidence. It does not over-claim and maintains a conservative, evidence-based stance. The explanations are clear, detailed, and well linked to the evidence, providing a thorough reasoning summary."
P013,llm_multimodal,5,5,5,"The output accurately identifies the Nutriscore Grade A and FSC Mix labels visible in the text and image, grounding claims in concrete evidence. It avoids over-claiming by limiting the assessment to these specific certifications and provides clear, well-structured explanations linking labels to sustainability claims. Overall, the reasoning is precise, conservative, and well justified."
P014,llm_multimodal,4,5,4,"The output is well grounded in the visible text and image, accurately identifying claims about gluten-free and absence of preservatives/colorings without over-claiming sustainability. The explanation clearly links the evidence to the risk assessment, though it could be slightly more detailed on why the risk is medium rather than low."
P015,llm_multimodal,4,5,4,"The output is well grounded in the product text, correctly identifying the labels listed. It conservatively avoids over-claiming by noting the image does not add further evidence. The explanation is clear and logically structured, though it could briefly clarify the nature of the labels for completeness."
P016,llm_multimodal,5,5,4,"The output is well grounded in the provided text and image, accurately identifying the labels and logos present. It is conservative, avoiding over-interpretation or unsupported claims. The explanation is clear and mostly thorough, though it could slightly expand on the limitations of the 'Point Vert' label for full clarity."
P017,llm_multimodal,5,5,4,"The output accurately identifies explicit claims from both text and image, grounding them well in the provided input. It avoids over-claiming by noting the absence of organic certification and detailed environmental impact claims. The explanation is clear and mostly thorough, though it could slightly expand on the packaging materials' typicality versus sustainability."
P018,llm_multimodal,5,5,5,"The output is fully grounded in the provided text and image, accurately identifying organic and plant-based claims with strong evidence. It is conservative, avoiding over-claiming by sticking to explicit certifications and product descriptions. The explanations are clear, specific, and well-supported by the input data."
P019,llm_multimodal,5,5,4,"The output is fully grounded in the visible text and image, correctly identifying the 100% recyclable packaging claim. It is conservative, not over-claiming beyond the evidence. The explanations are clear and relevant, though somewhat brief."
P020,llm_multimodal,5,5,5,"The output is fully grounded in the visible text and image, accurately citing organic certifications and recyclable packaging claims. It is conservative, avoiding overstatements and only reporting verifiable claims. The explanation is clear, detailed, and well-structured, justifying the low risk score appropriately."
P021,llm_multimodal,5,5,5,"The output is fully grounded in the visible text and image input, accurately identifying multiple organic and sustainability claims supported by certifications and labels. It is conservative, avoiding over-claiming by sticking to explicit claims and recognized certifications. The explanations are clear, detailed, and well-linked to specific evidence from text and image, providing strong justification for the conclusions."
P022,llm_multimodal,4,4,4,"The output is well grounded in the visible text and image, accurately identifying organic and plant-based claims and relevant labels. It avoids over-claiming by noting the moderate evidence strength and the need for human verification on some labels and ingredient sourcing. The explanations are clear and concise, linking claims to specific evidence and providing reasonable risk assessment."
P023,llm_multimodal,4,5,4,"The output correctly identifies the biodegradable packaging claim from the text and the 'con masa madre' phrase from the image, grounding claims in visible input. It cautiously interprets 'con masa madre' as implying naturalness but not a direct environmental claim, showing conservatism. The explanation is clear and reasoned, noting the contradiction of plastic packaging and lack of certification, but could be more detailed on ingredient implications. Overall, a well-grounded, conservative, and reasonably thorough analysis with minor room for deeper detail."
P024,llm_multimodal,5,5,4,"The output is well grounded in the visible input, accurately identifying the '100% Recycled Paperboard' claim from both text and image. It is conservative, not over-claiming beyond the explicit packaging sustainability claim. The explanation is clear and mostly thorough, though it could slightly improve by addressing why other claims are not considered."
