sample_id,text_claim_detected,text_specificity,text_risk_score,text_raw_json,mm_claim_detected,mm_specificity,mm_risk_score,mm_raw_json,claim_changed,specificity_changed,risk_delta,image_added_value_flag
P001,True,mixed,2,"{""claim_detected"": true, ""claim_modalities"": [""text""], ""claim_types"": [""organic_or_natural"", ""certification_or_label"", ""plant_based"", ""recyclable""], ""specificity"": ""mixed"", ""evidence_strength"": ""moderate"", ""risk_score"": 2, ""risk_label"": ""low"", ""evidence"": [{""modality"": ""text"", ""snippet"": ""V-Label International, V-Label International Vegan"", ""explanation"": ""These are recognized certifications indicating vegan and plant-based product status, providing credible sustainability-related claims.""}, {""modality"": ""text"", ""snippet"": ""Producto natural"", ""explanation"": ""The product is described as natural, which is a somewhat vague but positive environmental cue.""}, {""modality"": ""text"", ""snippet"": ""Packaging: 7 (Plastica). Raccolta differenziata."", ""explanation"": ""Indicates the packaging is plastic type 7 and suggests separate collection, implying some recyclability information.""}], ""reasoning_summary"": ""The product makes specific claims supported by recognized certifications (V-Label International and Vegan), indicating plant-based and vegan credentials. The 'natural' claim is somewhat vague but common. Packaging information suggests recyclability but is not a strong environmental claim. Overall, claims are specific and supported, leading to a low greenwashing risk score of 2."", ""needs_human_check"": []}",True,mixed,3,"{""claim_detected"": true, ""claim_modalities"": [""text"", ""image""], ""claim_types"": [""organic_or_natural"", ""carbon_or_climate"", ""packaging_reduction"", ""certification_or_label"", ""recyclable""], ""specificity"": ""mixed"", ""evidence_strength"": ""moderate"", ""risk_score"": 3, ""risk_label"": ""medium"", ""evidence"": [{""modality"": ""text"", ""snippet"": ""V-Label International, V-Label International Vegan"", ""explanation"": ""These are recognized certifications indicating vegan and vegetarian standards, which are specific and verifiable claims related to sustainability and ethical considerations.""}, {""modality"": ""text"", ""snippet"": ""Dieses Produkt ist ein Produkt natürlich (This product is a natural product)"", ""explanation"": ""The claim 'natural product' is somewhat vague but indicates an organic or natural claim.""}, {""modality"": ""image"", ""snippet"": ""Von Natur Aus (From nature)"", ""explanation"": ""This phrase suggests the product is naturally sourced, supporting the natural claim but is somewhat vague.""}, {""modality"": ""image"", ""snippet"": ""Nutriscore A"", ""explanation"": ""Nutriscore A is a nutrition label indicating a healthier product, which is a specific and verifiable claim related to health but indirectly linked to sustainability.""}, {""modality"": ""text"", ""snippet"": ""Die Verpackung: 7 (Plastik). Raccolta differenziata. Verifica le izioni del tuo Comune."", ""explanation"": ""Indicates the packaging is plastic and suggests recycling, which is a recyclable packaging claim but no specific eco-friendly packaging claim is made.""}], ""reasoning_summary"": ""The product makes several sustainability-related claims including recognized vegan certifications (V-Label), a natural product claim, and a nutrition label (Nutriscore A). The packaging indicates plastic material with recycling instructions, but no explicit eco-friendly packaging claim is made. The natural claims are somewhat vague but supported by text and image. Overall, the claims are moderate in specificity and supported by visible labels, leading to a medium greenwashing risk score due to some vagueness and limited direct environmental impact claims."", ""needs_human_check"": [""Verification of the authenticity and scope of the V-Label certifications"", ""Clarification on the meaning and standards behind 'natural product' claim"", ""Assessment of the environmental impact of the plastic packaging despite recycling instructions""]}",False,False,1,True
P002,True,specific,1,"{""claim_detected"": true, ""claim_modalities"": [""text""], ""claim_types"": [""organic_or_natural"", ""certification_or_label"", ""plant_based"", ""recycled_material""], ""specificity"": ""specific"", ""evidence_strength"": ""strong"", ""risk_score"": 1, ""risk_label"": ""low"", ""evidence"": [{""modality"": ""text"", ""snippet"": ""issu de l'agriculture biologique (organic agriculture)"", ""explanation"": ""The product explicitly states it is from organic agriculture, a specific and verifiable claim.""}, {""modality"": ""text"", ""snippet"": ""Labels: Fair trade, Organic, EU Organic, Fair-Trade Organic, AB Agriculture Biologique"", ""explanation"": ""Multiple recognized certifications and labels support the organic and fair trade claims, providing strong evidence.""}, {""modality"": ""text"", ""snippet"": ""Ingredients marked with * indicating organic origin and ** indicating French fair trade origin"", ""explanation"": ""Ingredient sourcing is clearly specified as organic and fair trade, reinforcing the claim specificity and strength.""}, {""modality"": ""text"", ""snippet"": ""Categories: Plant-based foods and beverages, Plant-based foods"", ""explanation"": ""The product is categorized as plant-based, which is a factual description of the product type.""}], ""reasoning_summary"": ""The product makes clear, specific, and verifiable sustainability claims primarily related to organic agriculture and fair trade, supported by multiple recognized certifications and detailed ingredient sourcing. The plant-based nature is factual and not a sustainability claim per se. Packaging is plastic but no claim about recyclability or recycled content is made. Overall, the claims are specific and well supported, leading to a low greenwashing risk score of 1."", ""needs_human_check"": []}",True,specific,1,"{""claim_detected"": true, ""claim_modalities"": [""text"", ""image""], ""claim_types"": [""organic_or_natural"", ""certification_or_label"", ""other""], ""specificity"": ""specific"", ""evidence_strength"": ""strong"", ""risk_score"": 1, ""risk_label"": ""low"", ""evidence"": [{""modality"": ""text"", ""snippet"": ""Ingrédients issus de l'Agriculture Biologique, Labels: Fair trade, Organic, EU Organic, Fair-Trade Organic, AB Agriculture Biologique, Agri-Éthique France, Equitable & Local, 1% for the planet"", ""explanation"": ""The product explicitly states use of organic ingredients and multiple recognized certifications related to organic and fair trade agriculture, indicating specific and verifiable sustainability claims.""}, {""modality"": ""image"", ""snippet"": ""Packaging shows 'Bio' label, 'AB Agriculture Biologique' logo, 'Fairtrade France' logo, and 'Emballage recyclable' (recyclable packaging) symbol"", ""explanation"": ""The packaging visually supports the organic and fair trade claims with official logos and also indicates recyclable packaging, reinforcing the sustainability claims.""}], ""reasoning_summary"": ""The product makes clear, specific claims about organic ingredients and fair trade sourcing, supported by multiple recognized certifications visible on the packaging. The recyclable packaging claim is also explicit. These claims are specific and verifiable, reducing greenwashing risk. The presence of multiple certifications and clear labeling leads to a low risk score of 1, reflecting weak or indirect cues only, as the claims are well supported and not vague or sweeping."", ""needs_human_check"": []}",False,False,0,False
P003,True,mixed,3,"{""claim_detected"": true, ""claim_modalities"": [""text""], ""claim_types"": [""packaging_reduction"", ""certification_or_label"", ""vague_eco_language""], ""specificity"": ""mixed"", ""evidence_strength"": ""moderate"", ""risk_score"": 3, ""risk_label"": ""medium"", ""evidence"": [{""modality"": ""text"", ""snippet"": ""Emballage recyclable à 100%"", ""explanation"": ""This is a specific claim about the packaging being fully recyclable, which is a measurable and verifiable claim.""}, {""modality"": ""text"", ""snippet"": ""Pensez au tri!"", ""explanation"": ""Encouragement to sort waste, a vague eco-friendly cue but not a strong claim.""}, {""modality"": ""text"", ""snippet"": ""Point vert"", ""explanation"": ""The Point Vert symbol indicates participation in a recycling program but does not guarantee recyclability or environmental benefit, so it is a weak certification cue.""}], ""reasoning_summary"": ""The product makes a specific claim that its packaging is 100% recyclable, which is a clear and measurable sustainability claim reducing risk. However, other cues like 'Pensez au tri!' and the 'Point Vert' label are vague or weak eco-friendly signals. There is no claim about recycled content or carbon footprint. Overall, the presence of a specific recyclable packaging claim combined with weaker vague cues results in a moderate greenwashing risk score of 3."", ""needs_human_check"": []}",True,mixed,2,"{""claim_detected"": true, ""claim_modalities"": [""text"", ""image""], ""claim_types"": [""packaging_reduction"", ""recyclable"", ""organic_or_natural"", ""other""], ""specificity"": ""mixed"", ""evidence_strength"": ""moderate"", ""risk_score"": 2, ""risk_label"": ""low"", ""evidence"": [{""modality"": ""text"", ""snippet"": ""Emballage recyclable à 100%"", ""explanation"": ""Explicit claim that the packaging is fully recyclable, which is a specific and verifiable sustainability claim.""}, {""modality"": ""image"", ""snippet"": ""EMBALLAGE RECYCLABLE"", ""explanation"": ""The packaging prominently states it is recyclable, reinforcing the text claim.""}, {""modality"": ""image"", ""snippet"": ""Pensez au tri!, Point vert"", ""explanation"": ""The presence of the 'Point vert' symbol and 'Pensez au tri!' encourages recycling, supporting the recyclable packaging claim.""}, {""modality"": ""image"", ""snippet"": ""Avoine, Blé Europe, Riche en fibres"", ""explanation"": ""Claims about ingredients being European oats and wheat and high fiber content suggest natural and health-related positioning but are not direct environmental claims.""}], ""reasoning_summary"": ""The product packaging and text explicitly claim that the packaging is 100% recyclable, supported by visible recycling symbols and instructions. The ingredient claims about European oats and wheat and fiber content imply natural and health benefits but do not directly address environmental sustainability. There is no claim about organic certification or compostability. The recyclable packaging claim is specific and verifiable, reducing greenwashing risk. The natural ingredient cues are moderate but not strong environmental claims. Overall, the greenwashing risk is low due to the specificity and visible support of the recyclable packaging claim and absence of vague or unsupported broad claims."", ""needs_human_check"": []}",False,False,-1,True
P004,True,mixed,2,"{""claim_detected"": true, ""claim_modalities"": [""text""], ""claim_types"": [""certification_or_label"", ""organic_or_natural"", ""packaging_reduction"", ""other""], ""specificity"": ""mixed"", ""evidence_strength"": ""moderate"", ""risk_score"": 2, ""risk_label"": ""low"", ""evidence"": [{""modality"": ""text"", ""snippet"": ""Labels: Low or no fat, Low fat, No preservatives, Reduced fat, Source of fibre, Sustainable farming, Calcium source, EU Agriculture, Green Dot, High fibres, Made in France, Magnesium source, Natural flavors, No colorings, No dyes or preservatives, No palm oil, Nutriscore, Nutriscore Grade C, Rainforest Alliance, Rainforest Alliance Cocoa, UTZ Certified, UTZ Certified Cocoa, Vitamin B6 source, Vitamin B9 source, Vitamin E source, fr:Farine de blé français, fr:Ble-durable"", ""explanation"": ""Multiple sustainability-related labels and certifications are present, including Rainforest Alliance and UTZ Certified Cocoa, which indicate some level of sustainable sourcing. The presence of 'Sustainable farming' and 'No palm oil' claims also support environmental positioning.""}], ""reasoning_summary"": ""The product packaging and text include several sustainability-related claims and certifications, such as Rainforest Alliance and UTZ Certified Cocoa, which are recognized sustainability certifications. There are also claims about sustainable farming and absence of palm oil, which are specific and relevant. However, some claims like 'Natural flavors' and 'Made in France' are less directly related to sustainability. The Nutriscore Grade C is a nutritional label, not environmental. Overall, the claims are specific and supported by recognized certifications, leading to a low greenwashing risk score of 2."", ""needs_human_check"": []}",True,mixed,3,"{""claim_detected"": true, ""claim_modalities"": [""text"", ""image""], ""claim_types"": [""organic_or_natural"", ""packaging_reduction"", ""certification_or_label"", ""vague_eco_language""], ""specificity"": ""mixed"", ""evidence_strength"": ""moderate"", ""risk_score"": 3, ""risk_label"": ""medium"", ""evidence"": [{""modality"": ""text"", ""snippet"": ""No palm oil"", ""explanation"": ""Explicit claim that the product does not contain palm oil, which is often linked to sustainability concerns.""}, {""modality"": ""text"", ""snippet"": ""Sustainable farming, EU Agriculture, Rainforest Alliance, Rainforest Alliance Cocoa, UTZ Certified, UTZ Certified Cocoa"", ""explanation"": ""Multiple certifications and labels related to sustainable agriculture and cocoa sourcing are listed, indicating some level of verified sustainability.""}, {""modality"": ""text"", ""snippet"": ""No preservatives, No colorings, No dyes or preservatives, Natural flavors"", ""explanation"": ""Claims about natural ingredients and absence of artificial additives suggest a natural or organic positioning, though these are somewhat general.""}, {""modality"": ""image"", ""snippet"": ""'Sans huile de palme' (No palm oil) label and Rainforest Alliance logo"", ""explanation"": ""Visible on packaging, reinforcing the no palm oil claim and certified sustainable cocoa sourcing.""}], ""reasoning_summary"": ""The product makes several explicit sustainability claims including no palm oil, use of sustainable farming practices, and certifications like Rainforest Alliance and UTZ for cocoa. These claims are supported by visible labels on the packaging. However, some claims such as 'natural flavors' and 'no preservatives' are broad and less specific. The packaging is plastic with a cardboard box, which is typical but not specifically claimed as sustainable or reduced packaging. Overall, the claims are moderately specific and supported by recognized certifications, leading to a medium greenwashing risk score due to some vague language and lack of detailed substantiation on packaging about the full sustainability of the product and packaging."", ""needs_human_check"": [""Verification of certification authenticity and scope"", ""Assessment of the actual environmental impact of packaging materials""]}",False,False,1,True
P005,True,specific,1,"{""claim_detected"": true, ""claim_modalities"": [""text""], ""claim_types"": [""plant_based"", ""certification_or_label"", ""organic_or_natural"", ""recyclable"", ""other""], ""specificity"": ""specific"", ""evidence_strength"": ""strong"", ""risk_score"": 1, ""risk_label"": ""low"", ""evidence"": [{""modality"": ""text"", ""snippet"": ""Végétalien, 100% végétal, Vegan Cert"", ""explanation"": ""Clear and specific claim that the product is plant-based and vegan certified.""}, {""modality"": ""text"", ""snippet"": ""Entreprise B certifiée"", ""explanation"": ""Certification indicating social and environmental responsibility.""}, {""modality"": ""text"", ""snippet"": ""FSC, FSC Mix"", ""explanation"": ""Certification related to responsible sourcing of packaging materials.""}, {""modality"": ""text"", ""snippet"": ""Point Vert"", ""explanation"": ""Indicates participation in a packaging recovery scheme, implying recyclability.""}], ""reasoning_summary"": ""The product makes several specific and verifiable sustainability claims, including vegan certification, B Corp certification, FSC certification for packaging, and participation in a packaging recovery scheme. These claims are supported by recognized labels and certifications, reducing greenwashing risk. The claims are specific and measurable rather than vague or sweeping, leading to a low risk score of 1."", ""needs_human_check"": []}",True,mixed,2,"{""claim_detected"": true, ""claim_modalities"": [""text"", ""image""], ""claim_types"": [""organic_or_natural"", ""plant_based"", ""certification_or_label"", ""vague_eco_language""], ""specificity"": ""mixed"", ""evidence_strength"": ""moderate"", ""risk_score"": 2, ""risk_label"": ""low"", ""evidence"": [{""modality"": ""text"", ""snippet"": ""100% végétal, Végétalien, Végétarien, Source de fibres alimentaires, Source de calcium, Entreprise B certifiée, Agriculture UE, FSC, FSC Mix, Point Vert, Sans conservateurs, Sans sucre ajouté, Sans colorants, Sans lactose, Sans acides gras trans, Sans ajout de produit laitiers, Sans édulcorants, Vegan Cert"", ""explanation"": ""Multiple certifications and ingredient claims indicate plant-based, vegan, and some environmental certifications (FSC, B Corp). These are specific and verifiable claims supporting sustainability.""}, {""modality"": ""image"", ""snippet"": ""alpro OAT all plant, no added sugars Nutri-Score A"", ""explanation"": ""The front packaging highlights 'all plant' and 'no added sugars' which supports the plant-based claim. Nutri-Score A indicates a healthier nutritional profile but is not a direct sustainability claim.""}], ""reasoning_summary"": ""The product makes explicit sustainability claims related to being 100% plant-based, vegan, and certified by recognized labels such as FSC and B Corp. The ingredient list and absence of additives support natural and health-related claims. The packaging visually supports these claims with clear text. The claims are specific and supported by certifications, reducing greenwashing risk. However, some claims like 'Agriculture UE' and 'Point Vert' are broad and not fully detailed here, so a low risk score is appropriate."", ""needs_human_check"": []}",False,True,1,True
P006,True,mixed,2,"{""claim_detected"": true, ""claim_modalities"": [""text""], ""claim_types"": [""organic_or_natural"", ""packaging_reduction"", ""certification_or_label"", ""vague_eco_language""], ""specificity"": ""mixed"", ""evidence_strength"": ""moderate"", ""risk_score"": 2, ""risk_label"": ""low"", ""evidence"": [{""modality"": ""text"", ""snippet"": ""No preservatives, No colorings, No dyes or preservatives, No palm oil, Natural flavors"", ""explanation"": ""These claims suggest natural ingredients and absence of certain additives, indicating a natural or organic positioning but without certification details.""}, {""modality"": ""text"", ""snippet"": ""Sustainable farming"", ""explanation"": ""This label suggests some sustainability in sourcing but is vague without further details or certification.""}, {""modality"": ""text"", ""snippet"": ""PENSEZ AU TRI ! FILM PLASTIQUE ETUI CARTON À JETER O A RECYCLER"", ""explanation"": ""Packaging includes recycling instructions, indicating some attention to packaging waste management.""}, {""modality"": ""text"", ""snippet"": ""Nutriscore Grade A"", ""explanation"": ""Nutriscore is a recognized nutrition label, indirectly supporting health-related claims but not directly environmental.""}], ""reasoning_summary"": ""The product makes several sustainability-related claims such as absence of preservatives and palm oil, natural flavors, and mentions sustainable farming. Packaging includes recycling instructions. However, the claims are somewhat vague and lack detailed certification or measurable data. The presence of multiple claims with moderate specificity and some evidence reduces greenwashing risk to a low level."", ""needs_human_check"": [""Verification of 'Sustainable farming' claim details and certification"", ""Clarification on the extent of natural ingredient sourcing and processing""]}",True,mixed,3,"{""claim_detected"": true, ""claim_modalities"": [""text"", ""image""], ""claim_types"": [""packaging_reduction"", ""carbon_or_climate"", ""vague_eco_language"", ""certification_or_label""], ""specificity"": ""mixed"", ""evidence_strength"": ""moderate"", ""risk_score"": 3, ""risk_label"": ""medium"", ""evidence"": [{""modality"": ""image"", ""snippet"": ""-12% QUANTITÉ DE PRODUIT ÉCHANGÉE CARTON"", ""explanation"": ""This indicates a 12% reduction in product quantity per carton, implying packaging or resource efficiency.""}, {""modality"": ""image"", ""snippet"": ""SANS HUILE DE PALME Pour l'environnement"", ""explanation"": ""Explicit claim of no palm oil use, linked to environmental benefit.""}, {""modality"": ""image"", ""snippet"": ""Nutri-Score A"", ""explanation"": ""Nutri-Score label indicating nutritional quality, indirectly supporting health-related sustainability.""}, {""modality"": ""image"", ""snippet"": ""PENSEZ AU TRI ! FILM PLASTIQUE ETUI CARTON À JETER O A RECYCLER"", ""explanation"": ""Recycling instructions encouraging proper waste sorting, a sustainability cue.""}], ""reasoning_summary"": ""The product packaging and text contain several explicit sustainability claims: a 12% reduction in product quantity per carton (suggesting packaging reduction), no palm oil use (environmental benefit), and recycling instructions. The Nutri-Score label supports health-related sustainability but is not an environmental claim per se. The claims are somewhat specific but lack detailed evidence or certification beyond Nutri-Score. The 'no palm oil' claim is clear but not quantified. The packaging reduction claim is specific but limited in scope. Overall, the claims are moderate in specificity and evidence, leading to a medium greenwashing risk score of 3 due to some vagueness and limited substantiation."", ""needs_human_check"": [""Verification of the actual environmental impact of the 12% product quantity reduction"", ""Confirmation of the sourcing and sustainability of ingredients beyond 'no palm oil' claim"", ""Assessment of the overall environmental footprint of the product beyond packaging and palm oil absence""]}",False,False,1,True
P007,True,mixed,2,"{""claim_detected"": true, ""claim_modalities"": [""text"", ""image""], ""claim_types"": [""plant_based"", ""certification_or_label"", ""organic_or_natural"", ""recyclable""], ""specificity"": ""mixed"", ""evidence_strength"": ""moderate"", ""risk_score"": 2, ""risk_label"": ""low"", ""evidence"": [{""modality"": ""text"", ""snippet"": ""Mandeldrink, angereichert mit Calcium und Vitaminen"", ""explanation"": ""Specifies the product is a plant-based almond drink enriched with calcium and vitamins, a specific and measurable claim.""}, {""modality"": ""text"", ""snippet"": ""Labels: Végétalien, À base de plantes, The Vegan Society"", ""explanation"": ""Multiple certifications and labels indicating vegan and plant-based status, providing credible support.""}, {""modality"": ""text"", ""snippet"": ""Labels: FSC, FSC Mix"", ""explanation"": ""FSC certification indicates responsible sourcing of packaging materials, supporting recyclability and sustainability claims.""}, {""modality"": ""text"", ""snippet"": ""Packaging: Kunststoff, Verbundstoff, Tetra Pak, Ziegel, Packung, Tetra Brik, Tetra Brik Aseptic"", ""explanation"": ""Packaging is composite material (Tetra Pak), which is recyclable but not always easily so; no explicit recyclable claim is made.""}], ""reasoning_summary"": ""The product makes specific claims about being plant-based and enriched with nutrients, supported by recognized certifications such as The Vegan Society and FSC. The packaging is composite and labeled with FSC, indicating some sustainability consideration. Claims are specific and supported, leading to a low greenwashing risk score of 2."", ""needs_human_check"": []}",True,mixed,3,"{""claim_detected"": true, ""claim_modalities"": [""text"", ""image""], ""claim_types"": [""plant_based"", ""organic_or_natural"", ""certification_or_label"", ""vague_eco_language""], ""specificity"": ""mixed"", ""evidence_strength"": ""moderate"", ""risk_score"": 3, ""risk_label"": ""medium"", ""evidence"": [{""modality"": ""text"", ""snippet"": ""À base de plantes, Végétalien, The Vegan Society, FSC, FSC Mix"", ""explanation"": ""These labels and text claims indicate plant-based origin and certified responsible sourcing (FSC), which are specific sustainability claims.""}, {""modality"": ""image"", ""snippet"": ""PLANT-BASED, NO SUGARS, 5 ESSENTIAL NUTRIENTS, PERFECT WITH CEREAL"", ""explanation"": ""The image highlights 'PLANT-BASED' and 'NO SUGARS' which are specific claims about the product's nature and health attributes, but no direct environmental benefit is stated.""}, {""modality"": ""text"", ""snippet"": ""Sans conservateurs, Sans colorants, Sans édulcorants"", ""explanation"": ""Claims of no preservatives, colorants, or sweeteners suggest a natural product positioning, which is a moderate sustainability cue.""}], ""reasoning_summary"": ""The product makes explicit sustainability claims through certifications (FSC, Vegan Society) and plant-based labeling, which are specific and supported by recognized labels. The absence of preservatives and additives supports a natural product positioning. However, the environmental benefits are not quantified or detailed, and the packaging is composite material (Tetra Pak), which is not explicitly claimed as recyclable or sustainable. The greenwashing risk is medium due to some specific claims but lack of detailed environmental impact information."", ""needs_human_check"": [""Verification of FSC certification authenticity"", ""Assessment of packaging recyclability claims if any""]}",False,False,1,True
P008,True,specific,1,"{""claim_detected"": true, ""claim_modalities"": [""text"", ""image""], ""claim_types"": [""organic_or_natural"", ""certification_or_label"", ""plant_based""], ""specificity"": ""specific"", ""evidence_strength"": ""strong"", ""risk_score"": 1, ""risk_label"": ""low"", ""evidence"": [{""modality"": ""text"", ""snippet"": ""Boisson biologique à base d'avoine et d'algue Lithothamniul calcareum source de calcium"", ""explanation"": ""Specifies organic oat-based drink with added calcium source from algae, indicating a natural and plant-based product.""}, {""modality"": ""text"", ""snippet"": ""Labels: Organic, EU Organic, Certified B Corporation, AB Agriculture Biologique, FSC, Planet-Score Grade A"", ""explanation"": ""Multiple recognized certifications and labels support the organic and sustainability claims.""}, {""modality"": ""text"", ""snippet"": ""No added sugar"", ""explanation"": ""A specific product formulation claim that supports health-conscious positioning.""}, {""modality"": ""text"", ""snippet"": ""Packaging: Tetra Pak, Brick, Cardboard, FSC Mix"", ""explanation"": ""Packaging includes FSC certification and recyclable materials, supporting environmental claims.""}], ""reasoning_summary"": ""The product makes specific and verifiable claims about being organic, plant-based, and sustainably certified. Multiple credible certifications (EU Organic, AB, FSC, Certified B Corp) and a clear ingredient list support these claims. Packaging is also certified and recyclable. The claims are specific and well-supported, indicating low greenwashing risk. The presence of multiple certifications and ingredient transparency reduces concern. The risk score is low (1) due to the presence of indirect cues like 'No added sugar' and 'Planet-Score Grade A' which support sustainability but are not sweeping claims."", ""needs_human_check"": []}",True,specific,2,"{""claim_detected"": true, ""claim_modalities"": [""text"", ""image""], ""claim_types"": [""organic_or_natural"", ""plant_based"", ""certification_or_label"", ""carbon_or_climate""], ""specificity"": ""specific"", ""evidence_strength"": ""moderate"", ""risk_score"": 2, ""risk_label"": ""low"", ""evidence"": [{""modality"": ""text"", ""snippet"": ""Boisson biologique à base d'avoine et d'algue Lithothamniul calcareum source de calcium, stérilisée UHT; *Ingrédients biologiques; Labels: Organic, EU Organic, AB Agriculture Biologique, Certified B Corporation, Planet-Score Grade A, FSC, Green Dot"", ""explanation"": ""The product explicitly claims to be organic, plant-based (oat-based), and carries multiple recognized certifications including organic labels and a sustainability score (Planet-Score Grade A).""}, {""modality"": ""image"", ""snippet"": ""100% VÉGÉTAL** et SANS SUCRES AJOUTÉS; BIO; AB; Planet-Score Grade A"", ""explanation"": ""The front packaging highlights the product as fully plant-based, organic, with no added sugars, and shows the Planet-Score Grade A label, supporting sustainability claims.""}], ""reasoning_summary"": ""The product makes clear, specific claims about being organic and plant-based, supported by multiple recognized certifications and labels visible on the packaging. The Planet-Score Grade A indicates a positive environmental impact assessment. These claims are specific and supported, reducing greenwashing risk. The presence of multiple certifications and a sustainability score strengthens evidence, though no detailed quantitative environmental data is provided on the packaging, so risk is conservatively low rather than none."", ""needs_human_check"": []}",False,False,1,True
P009,True,specific,2,"{""claim_detected"": true, ""claim_modalities"": [""text""], ""claim_types"": [""packaging_reduction"", ""certification_or_label""], ""specificity"": ""specific"", ""evidence_strength"": ""moderate"", ""risk_score"": 2, ""risk_label"": ""low"", ""evidence"": [{""modality"": ""text"", ""snippet"": ""No high fructose corn syrup"", ""explanation"": ""This is a specific ingredient-related claim indicating absence of a particular ingredient, which can be considered a limited health-related sustainability cue.""}, {""modality"": ""text"", ""snippet"": ""Certified 100% Recycled Paperboard"", ""explanation"": ""This is a specific and verifiable packaging claim indicating the packaging is made from fully recycled paperboard, supporting environmental sustainability.""}], ""reasoning_summary"": ""The product makes two specific claims: absence of high fructose corn syrup and use of certified 100% recycled paperboard packaging. Both claims are specific and supported by certification or ingredient listing, indicating low greenwashing risk. There are no vague or broad sustainability claims. Therefore, the overall risk is low (score 2)."", ""needs_human_check"": []}",True,specific,2,"{""claim_detected"": true, ""claim_modalities"": [""text"", ""image""], ""claim_types"": [""packaging_reduction"", ""other""], ""specificity"": ""specific"", ""evidence_strength"": ""moderate"", ""risk_score"": 2, ""risk_label"": ""low"", ""evidence"": [{""modality"": ""text"", ""snippet"": ""Certified 100% Recycled Paperboard"", ""explanation"": ""This is a specific claim about the packaging material being made from 100% recycled paperboard, indicating a sustainability effort in packaging.""}, {""modality"": ""image"", ""snippet"": ""\""8g WHOLE GRAINS\"""", ""explanation"": ""The packaging highlights the presence of 8 grams of whole grains, which is a nutritional claim rather than a direct sustainability claim, but it can be considered a positive product attribute.""}, {""modality"": ""image"", ""snippet"": ""\""No high fructose corn syrup\"""", ""explanation"": ""This is a health-related claim rather than a sustainability claim, so it is noted but not considered for greenwashing risk.""}], ""reasoning_summary"": ""The product packaging and text include a clear, specific sustainability claim about the packaging material being certified 100% recycled paperboard, which is a measurable and verifiable claim. Other claims relate to nutrition or health and do not directly impact sustainability risk. The presence of this packaging claim reduces greenwashing risk, as it is specific and supported by certification. There are no vague or broad environmental claims, and the natural imagery (strawberries) is typical for the product and not over-interpreted as a sustainability cue. Overall, the greenwashing risk is low due to the specific and supported packaging claim."", ""needs_human_check"": []}",False,False,0,False
P010,True,specific,1,"{""claim_detected"": true, ""claim_modalities"": [""text"", ""image""], ""claim_types"": [""organic_or_natural"", ""certification_or_label"", ""plant_based"", ""carbon_or_climate""], ""specificity"": ""specific"", ""evidence_strength"": ""strong"", ""risk_score"": 1, ""risk_label"": ""low"", ""evidence"": [{""modality"": ""text"", ""snippet"": ""Organic, EU Organic, Non-EU Agriculture, Certified B Corporation, DE-ÖKO-001, AB Agriculture Biologique labels"", ""explanation"": ""Multiple recognized organic and sustainability certifications indicate specific and verifiable claims about organic sourcing and corporate responsibility.""}, {""modality"": ""text"", ""snippet"": ""Ingredients list showing organic ingredients marked with *"", ""explanation"": ""Ingredients are specified as organic, supporting the organic claim with concrete ingredient-level detail.""}, {""modality"": ""text"", ""snippet"": ""Planet-Score label"", ""explanation"": ""Presence of a Planet-Score label suggests some environmental impact assessment, adding to the sustainability positioning.""}], ""reasoning_summary"": ""The product makes multiple specific and verifiable sustainability claims, including organic certification and B Corporation status, supported by ingredient details and recognized labels. The presence of a Planet-Score label further supports environmental positioning. The claims are specific and supported, leading to a low greenwashing risk score of 1, indicating weak or indirect cues only rather than vague or unsupported claims."", ""needs_human_check"": []}",True,specific,1,"{""claim_detected"": true, ""claim_modalities"": [""text"", ""image""], ""claim_types"": [""organic_or_natural"", ""certification_or_label"", ""plant_based""], ""specificity"": ""specific"", ""evidence_strength"": ""strong"", ""risk_score"": 1, ""risk_label"": ""low"", ""evidence"": [{""modality"": ""text"", ""snippet"": ""Ingredients list includes organic ingredients marked with * and labels: Organic, EU Organic, AB Agriculture Biologique, DE-ÖKO-001, Certified B Corporation, Planet-Score."", ""explanation"": ""The ingredient list and multiple organic certifications provide strong evidence of organic claim.""}, {""modality"": ""image"", ""snippet"": ""The packaging shows 'BIO' prominently, 'PIONNIER DU BIO DEPUIS 1988', and organic certification logos including EU organic leaf and AB label."", ""explanation"": ""The packaging visually supports the organic claim with certifications and text indicating organic pioneer status.""}], ""reasoning_summary"": ""The product explicitly claims to be organic with multiple recognized certifications visible on the packaging and in the ingredient list. The claim is specific and supported by certifications, reducing greenwashing risk. The plant-based nature is implicit from the ingredients but not overstated. The packaging uses natural imagery but this is supported by concrete organic claims and certifications, so risk is low."", ""needs_human_check"": []}",False,False,0,False
P011,True,specific,2,"{""claim_detected"": true, ""claim_modalities"": [""text""], ""claim_types"": [""packaging_reduction"", ""certification_or_label""], ""specificity"": ""specific"", ""evidence_strength"": ""moderate"", ""risk_score"": 2, ""risk_label"": ""low"", ""evidence"": [{""modality"": ""text"", ""snippet"": ""Emballage recyclable à 100%"", ""explanation"": ""This is a specific claim that the packaging is fully recyclable, which is a clear and measurable environmental claim.""}, {""modality"": ""text"", ""snippet"": ""Nutriscore C"", ""explanation"": ""Nutriscore is a nutrition label, not a sustainability claim, but it is present on the packaging.""}, {""modality"": ""text"", ""snippet"": ""Transformé en France"", ""explanation"": ""Indicates local processing, which can be related to sustainability but is not a direct environmental claim.""}], ""reasoning_summary"": ""The product packaging includes a specific and measurable claim that it is 100% recyclable, which is a clear environmental claim with moderate evidence strength. Other labels like Nutriscore and 'Transformé en France' are not direct sustainability claims. There are no vague or broad claims, so the greenwashing risk is low."", ""needs_human_check"": []}",True,mixed,2,"{""claim_detected"": true, ""claim_modalities"": [""text"", ""image""], ""claim_types"": [""packaging_reduction"", ""organic_or_natural""], ""specificity"": ""mixed"", ""evidence_strength"": ""moderate"", ""risk_score"": 2, ""risk_label"": ""low"", ""evidence"": [{""modality"": ""text"", ""snippet"": ""Emballage recyclable à 100%"", ""explanation"": ""Explicit claim that the packaging is fully recyclable, which is a specific and verifiable sustainability claim.""}, {""modality"": ""image"", ""snippet"": ""Nutri-Score label visible on packaging"", ""explanation"": ""Nutri-Score is a nutritional label, not a sustainability claim, so it does not affect greenwashing risk.""}, {""modality"": ""image"", ""snippet"": ""Text on packaging: 'AVOINE UE/NON UE, BLE UE' and 'RICHE EN FIBRES'"", ""explanation"": ""Indicates use of oats and wheat from EU or non-EU sources and high fiber content, which are factual but not direct sustainability claims.""}], ""reasoning_summary"": ""The product packaging and text explicitly claim that the packaging is 100% recyclable, which is a specific and verifiable sustainability claim, reducing greenwashing risk. Other cues such as the Nutri-Score and fiber content are nutritional rather than environmental claims. There are no broad or vague sustainability claims or unsupported nature imagery. Therefore, the greenwashing risk is low (score 2) due to the limited but clear packaging recyclability claim."", ""needs_human_check"": []}",False,True,0,True
P012,True,specific,1,"{""claim_detected"": true, ""claim_modalities"": [""text""], ""claim_types"": [""organic_or_natural"", ""certification_or_label"", ""plant_based""], ""specificity"": ""specific"", ""evidence_strength"": ""strong"", ""risk_score"": 1, ""risk_label"": ""low"", ""evidence"": [{""modality"": ""text"", ""snippet"": ""issus de l'agriculture biologique"", ""explanation"": ""The product explicitly states it is made from ingredients sourced from organic agriculture, indicating a specific sustainability claim.""}, {""modality"": ""text"", ""snippet"": ""Certified by Ecocert, EU Organic, Soil Association Organic, AB Agriculture Biologique"", ""explanation"": ""Multiple recognized organic certifications are listed, providing strong evidence supporting the organic claim.""}, {""modality"": ""text"", ""snippet"": ""Plant-based foods and beverages, Plant-based foods"", ""explanation"": ""The product is categorized as plant-based, which is a factual description rather than a sustainability claim but supports the nature of the product.""}], ""reasoning_summary"": ""The product makes a clear and specific claim of being organic, supported by multiple recognized certifications, which reduces greenwashing risk. The plant-based nature is factual and not a sustainability claim per se. Packaging mentions recycling but does not make explicit claims about recyclability or sustainability of packaging. Overall, the claims are specific and well-supported, leading to a low risk score."", ""needs_human_check"": []}",True,specific,1,"{""claim_detected"": true, ""claim_modalities"": [""text"", ""image""], ""claim_types"": [""organic_or_natural"", ""plant_based"", ""certification_or_label""], ""specificity"": ""specific"", ""evidence_strength"": ""strong"", ""risk_score"": 1, ""risk_label"": ""low"", ""evidence"": [{""modality"": ""text"", ""snippet"": ""Flocons de céréales complètes avec des raisins, des copeaux de noix de coco, des noisettes grillées et des graines de tournesol issus de l'agriculture biologique."", ""explanation"": ""Explicit claim that ingredients come from organic agriculture, supported by detailed ingredient list.""}, {""modality"": ""text"", ""snippet"": ""Labels: Organic, Certified by Ecocert, EU Organic, Soil Association Organic, AB Agriculture Biologique"", ""explanation"": ""Multiple recognized organic certifications provide strong evidence for organic claim.""}, {""modality"": ""image"", ""snippet"": ""JORDANS BIO, 36% fruits, noix & graines, AB logo, Nutri-Score A"", ""explanation"": ""Packaging prominently displays 'BIO' (organic) and official organic certification logo, reinforcing organic claim.""}], ""reasoning_summary"": ""The product explicitly claims organic ingredients with multiple credible certifications visible on packaging and in text. The 36% fruits, nuts, and seeds content is specific. The plant-based nature is implied by ingredients. The claims are specific and well supported, so greenwashing risk is low (score 1) due to strong evidence and certifications."", ""needs_human_check"": []}",False,False,0,False
P013,True,specific,2,"{""claim_detected"": true, ""claim_modalities"": [""text""], ""claim_types"": [""certification_or_label""], ""specificity"": ""specific"", ""evidence_strength"": ""moderate"", ""risk_score"": 2, ""risk_label"": ""low"", ""evidence"": [{""modality"": ""text"", ""snippet"": ""Nutriscore Grade A"", ""explanation"": ""Nutriscore Grade A is a specific nutrition label indicating a healthier nutritional profile.""}, {""modality"": ""text"", ""snippet"": ""en:fsc-mix"", ""explanation"": ""FSC Mix label indicates that the packaging contains materials from FSC-certified forests, recycled materials, or controlled wood.""}], ""reasoning_summary"": ""The product packaging includes specific sustainability-related certifications: Nutriscore Grade A for nutrition and FSC Mix for packaging materials. These are specific and verifiable claims, reducing greenwashing risk. No vague or broad environmental claims are present. Therefore, the risk score is low (2)."", ""needs_human_check"": []}",True,specific,2,"{""claim_detected"": true, ""claim_modalities"": [""text"", ""image""], ""claim_types"": [""certification_or_label"", ""other""], ""specificity"": ""specific"", ""evidence_strength"": ""moderate"", ""risk_score"": 2, ""risk_label"": ""low"", ""evidence"": [{""modality"": ""text"", ""snippet"": ""Nutriscore Grade A"", ""explanation"": ""Nutriscore is a recognized nutritional label indicating a healthier nutritional profile, which is a specific and measurable claim related to health and sustainability of food choices.""}, {""modality"": ""image"", ""snippet"": ""FSC Mix logo"", ""explanation"": ""The FSC Mix label on packaging indicates that the packaging material is sourced from responsibly managed forests and/or recycled materials, a specific environmental certification.""}], ""reasoning_summary"": ""The product packaging and text include specific sustainability-related certifications: Nutriscore Grade A for nutritional quality and FSC Mix for responsible packaging sourcing. These are concrete, recognized claims with moderate evidence strength. There are no broad or vague environmental claims or unsupported nature cues beyond these labels. The presence of these certifications justifies a low greenwashing risk score of 2, reflecting limited but credible sustainability claims."", ""needs_human_check"": []}",False,False,0,False
P014,True,vague,3,"{""claim_detected"": true, ""claim_modalities"": [""text""], ""claim_types"": [""organic_or_natural"", ""vague_eco_language""], ""specificity"": ""vague"", ""evidence_strength"": ""weak"", ""risk_score"": 3, ""risk_label"": ""medium"", ""evidence"": [{""modality"": ""text"", ""snippet"": ""Brand: Nature Valley"", ""explanation"": ""The brand name 'Nature Valley' suggests a natural positioning but is a vague and indirect cue without specific claims.""}, {""modality"": ""text"", ""snippet"": ""Labels: No gluten,No preservatives,No colorings"", ""explanation"": ""These labels indicate absence of certain additives, which can be seen as a mild health or natural claim but do not directly relate to environmental sustainability.""}], ""reasoning_summary"": ""The product uses the brand name 'Nature Valley' which implies a natural or nature-related positioning, but this is a vague and indirect sustainability cue. The labels 'No gluten, No preservatives, No colorings' suggest some health-related qualities but do not constitute strong environmental claims. There are no explicit claims about recycled materials, carbon footprint, organic certification, or other specific sustainability attributes. Therefore, the greenwashing risk is moderate due to vague nature positioning without clear substantiation."", ""needs_human_check"": []}",True,vague,3,"{""claim_detected"": true, ""claim_modalities"": [""text"", ""image""], ""claim_types"": [""organic_or_natural"", ""vague_eco_language""], ""specificity"": ""vague"", ""evidence_strength"": ""weak"", ""risk_score"": 3, ""risk_label"": ""medium"", ""evidence"": [{""modality"": ""text"", ""snippet"": ""No gluten, No preservatives, No colorings"", ""explanation"": ""These claims indicate absence of certain additives, suggesting a more natural product but do not directly address sustainability or environmental impact.""}, {""modality"": ""image"", ""snippet"": ""Nature Valley branding with natural imagery of peanuts and chocolate, plus 'Sans Gluten' and '10g de protéines'"", ""explanation"": ""The packaging uses natural imagery and highlights gluten-free and protein content, which are health-related but not explicit sustainability claims. No clear environmental certifications or claims are visible.""}], ""reasoning_summary"": ""The product and packaging make some health-related claims such as gluten-free and absence of preservatives and colorings, which imply a more natural product but do not explicitly claim sustainability or environmental benefits. The natural imagery and brand name suggest a nature-related positioning but lack specific, measurable sustainability claims or certifications. Therefore, the greenwashing risk is moderate due to vague eco-language and weak evidence supporting sustainability."", ""needs_human_check"": []}",False,False,0,False
P015,True,specific,2,"{""claim_detected"": true, ""claim_modalities"": [""text"", ""image""], ""claim_types"": [""certification_or_label""], ""specificity"": ""specific"", ""evidence_strength"": ""moderate"", ""risk_score"": 2, ""risk_label"": ""low"", ""evidence"": [{""modality"": ""text"", ""snippet"": ""Labels: Vegetariano,fr:Ponto Verde"", ""explanation"": ""The product displays the 'Vegetariano' and 'Ponto Verde' labels, which are specific certifications or labels related to vegetarian suitability and packaging recycling respectively.""}], ""reasoning_summary"": ""The product includes specific labels indicating vegetarian suitability and participation in a packaging recycling program (Ponto Verde). These are concrete claims related to sustainability and environmental impact. However, there are no broader or sweeping environmental claims, and the packaging is plastic with a code indicating other plastics, which is neutral. Therefore, the greenwashing risk is low due to the presence of specific, verifiable labels and no vague or unsupported claims."", ""needs_human_check"": []}",True,specific,2,"{""claim_detected"": true, ""claim_modalities"": [""text"", ""image""], ""claim_types"": [""certification_or_label""], ""specificity"": ""specific"", ""evidence_strength"": ""moderate"", ""risk_score"": 2, ""risk_label"": ""low"", ""evidence"": [{""modality"": ""text"", ""snippet"": ""Labels: Vegetariano,fr:Ponto Verde"", ""explanation"": ""The product text explicitly lists the 'Vegetariano' and 'Ponto Verde' labels, which are recognized certifications or labels related to sustainability or environmental considerations.""}, {""modality"": ""image"", ""snippet"": ""Packaging shows the product name and image but no additional sustainability claims or certifications visible."", ""explanation"": ""The packaging image does not show explicit sustainability claims beyond the brand and product name, so it provides no additional support or risk.""}], ""reasoning_summary"": ""The product text includes specific sustainability-related labels, which are recognized certifications, providing moderate evidence of sustainability claims. The packaging image does not add further claims or cues. The claims are specific and supported by known labels, so the greenwashing risk is low (score 2)."", ""needs_human_check"": [""Verification of the authenticity and scope of the 'Vegetariano' and 'Ponto Verde' labels to confirm their sustainability relevance.""]}",False,False,0,False
P016,True,mixed,2,"{""claim_detected"": true, ""claim_modalities"": [""text""], ""claim_types"": [""certification_or_label""], ""specificity"": ""mixed"", ""evidence_strength"": ""moderate"", ""risk_score"": 2, ""risk_label"": ""low"", ""evidence"": [{""modality"": ""text"", ""snippet"": ""Labels: Point Vert, Fabriqué en France, Sans sucre ajouté, Nutriscore, Nutriscore B, Triman"", ""explanation"": ""The product displays several labels including 'Point Vert' which is an environmental label, indicating some sustainability positioning. Other labels relate to nutrition and recycling.""}], ""reasoning_summary"": ""The product carries the 'Point Vert' environmental label, which is a recognized certification related to sustainability, providing a specific and verifiable claim. Other labels relate to nutrition and recycling but do not directly indicate environmental claims. The presence of a recognized eco-label reduces greenwashing risk. However, no further detailed environmental claims or quantified sustainability benefits are stated, so the claim is limited in scope. Therefore, the risk is low but present due to limited claim breadth."", ""needs_human_check"": []}",True,specific,2,"{""claim_detected"": true, ""claim_modalities"": [""text"", ""image""], ""claim_types"": [""certification_or_label""], ""specificity"": ""specific"", ""evidence_strength"": ""moderate"", ""risk_score"": 2, ""risk_label"": ""low"", ""evidence"": [{""modality"": ""text"", ""snippet"": ""Labels: Point Vert,Fabriqué en France,Sans sucre ajouté,Nutriscore,Nutriscore B,Triman"", ""explanation"": ""The product lists several labels including 'Point Vert' which is an environmental label, and 'Fabriqué en France' indicating local production, which can be considered sustainability-related claims.""}, {""modality"": ""image"", ""snippet"": ""SAVOIR-FAIRE FRANÇAIS logo"", ""explanation"": ""The packaging shows a 'Savoir-Faire Français' logo, indicating French craftsmanship or production, which supports the 'Fabriqué en France' claim.""}], ""reasoning_summary"": ""The product makes explicit sustainability-related claims through the 'Point Vert' environmental label and the 'Fabriqué en France' claim supported by the logo on the packaging. These claims are specific and verifiable, though no detailed environmental benefits or certifications beyond 'Point Vert' are provided. There are no vague or broad claims, and the nature imagery is minimal and not over-interpreted. Therefore, the greenwashing risk is low (score 2)."", ""needs_human_check"": [""Verification of the authenticity and criteria of the 'Point Vert' label to confirm its environmental credibility.""]}",False,True,0,True
P017,True,mixed,2,"{""claim_detected"": true, ""claim_modalities"": [""text""], ""claim_types"": [""organic_or_natural"", ""other""], ""specificity"": ""mixed"", ""evidence_strength"": ""weak"", ""risk_score"": 2, ""risk_label"": ""low"", ""evidence"": [{""modality"": ""text"", ""snippet"": ""No preservatives, No colorings, No palm oil"", ""explanation"": ""These claims indicate absence of certain additives and ingredients, suggesting a natural or 'clean' product positioning, but do not directly address environmental sustainability.""}, {""modality"": ""text"", ""snippet"": ""Source of fibre, High fibres"", ""explanation"": ""Nutritional claims related to fiber content, not environmental claims.""}, {""modality"": ""text"", ""snippet"": ""Made in France"", ""explanation"": ""Indicates origin but does not imply sustainability.""}], ""reasoning_summary"": ""The product makes some claims related to naturalness and absence of certain additives (no preservatives, no colorings, no palm oil), which can be interpreted as mild sustainability-related cues. However, these claims are limited in scope, not specific to environmental impact, and lack measurable or verifiable environmental benefits. There are no explicit claims about recyclability, biodegradability, carbon footprint, or certifications. Therefore, the greenwashing risk is low but present due to mild nature-positioning without strong substantiation."", ""needs_human_check"": []}",True,mixed,2,"{""claim_detected"": true, ""claim_modalities"": [""text"", ""image""], ""claim_types"": [""organic_or_natural"", ""other""], ""specificity"": ""mixed"", ""evidence_strength"": ""moderate"", ""risk_score"": 2, ""risk_label"": ""low"", ""evidence"": [{""modality"": ""text"", ""snippet"": ""No preservatives, No colorings, No palm oil, Source of fibre, High fibres, Nutriscore Grade A"", ""explanation"": ""These are explicit claims about the product's composition and nutritional quality, indicating some health and environmental considerations.""}, {""modality"": ""image"", ""snippet"": ""Riche en fibres au son de blé, -43% de sucres, Sans huile de palme, Nutri-Score A"", ""explanation"": ""The packaging highlights high fiber content, reduced sugar, no palm oil, and a good Nutri-Score, supporting health and sustainability claims.""}], ""reasoning_summary"": ""The product makes several explicit claims related to health and environmental aspects, such as no palm oil, no preservatives, and high fiber content. These claims are somewhat specific and supported by nutritional labeling (Nutri-Score). However, there is no direct claim about organic certification or detailed environmental impact, and the packaging is plastic and cardboard, which is typical but not highlighted as sustainable. The claims are moderate in specificity and supported by visible evidence, leading to a low greenwashing risk score of 2."", ""needs_human_check"": []}",False,False,0,False
P018,True,specific,2,"{""claim_detected"": true, ""claim_modalities"": [""text""], ""claim_types"": [""organic_or_natural"", ""certification_or_label"", ""vague_eco_language""], ""specificity"": ""specific"", ""evidence_strength"": ""strong"", ""risk_score"": 2, ""risk_label"": ""low"", ""evidence"": [{""modality"": ""text"", ""snippet"": ""Organic, Certified by Ecocert, EU Organic, AB Agriculture Biologique, FR-BIO-01, ES-ECO-019-CT, EU Agriculture, EU/non-EU Agriculture"", ""explanation"": ""Multiple organic certifications and labels indicate a specific and verifiable claim about organic agriculture.""}, {""modality"": ""text"", ""snippet"": ""No preservatives, No additives, No colorings, Natural colorings"", ""explanation"": ""Claims about absence of preservatives, additives, and use of natural colorings are specific but not quantified or further substantiated here.""}, {""modality"": ""text"", ""snippet"": ""Vegetarian, Vegan, Source of fibre, High fibres"", ""explanation"": ""These are product attribute claims that relate to dietary and nutritional aspects, supporting a natural and health-oriented positioning.""}], ""reasoning_summary"": ""The product makes multiple specific and verifiable claims related to organic certification and natural ingredients, supported by recognized labels. Additional claims about no preservatives and natural colorings are specific but lack detailed substantiation in the text. The overall positioning is health- and nature-oriented but not exaggerated or vague. Therefore, the greenwashing risk is low (score 2)."", ""needs_human_check"": []}",True,specific,1,"{""claim_detected"": true, ""claim_modalities"": [""text"", ""image""], ""claim_types"": [""organic_or_natural"", ""certification_or_label"", ""plant_based""], ""specificity"": ""specific"", ""evidence_strength"": ""strong"", ""risk_score"": 1, ""risk_label"": ""low"", ""evidence"": [{""modality"": ""text"", ""snippet"": ""issue de l'agriculture biologique, Organic, Certified by Ecocert, EU Organic, AB Agriculture Biologique"", ""explanation"": ""Multiple organic certifications and labels explicitly indicate organic farming practices.""}, {""modality"": ""text"", ""snippet"": ""Spécialité végétale à base de blé et d'épeautre"", ""explanation"": ""The product is explicitly described as a plant-based specialty, indicating a sustainability-related positioning.""}, {""modality"": ""image"", ""snippet"": ""AB logo (Agriculture Biologique) and 'Céréal BIO' brand name"", ""explanation"": ""The packaging shows the official organic certification logo and brand name emphasizing organic nature.""}], ""reasoning_summary"": ""The product makes clear, specific claims about being organic and plant-based, supported by recognized certifications visible on the packaging. The claims are specific and verifiable, reducing greenwashing risk. The packaging uses natural imagery but does not rely solely on vague nature cues. The risk score is low (1) due to the strong organic certification and clear plant-based claim, with no broad or unsupported claims present."", ""needs_human_check"": []}",False,False,-1,True
P019,True,specific,2,"{""claim_detected"": true, ""claim_modalities"": [""text""], ""claim_types"": [""packaging_reduction"", ""certification_or_label""], ""specificity"": ""specific"", ""evidence_strength"": ""moderate"", ""risk_score"": 2, ""risk_label"": ""low"", ""evidence"": [{""modality"": ""text"", ""snippet"": ""Emballage recyclable à 100%"", ""explanation"": ""The packaging is claimed to be 100% recyclable, which is a specific and measurable claim about recyclability.""}, {""modality"": ""text"", ""snippet"": ""Triman"", ""explanation"": ""The Triman label indicates compliance with French recycling sorting instructions, supporting the recyclability claim.""}], ""reasoning_summary"": ""The product packaging claims to be 100% recyclable and carries the Triman label, which is a recognized recycling symbol. These are specific and verifiable claims related to packaging recyclability, reducing greenwashing risk. No other sustainability claims or vague language are present. Therefore, the risk score is low (2)."", ""needs_human_check"": []}",True,specific,2,"{""claim_detected"": true, ""claim_modalities"": [""text"", ""image""], ""claim_types"": [""packaging_reduction"", ""certification_or_label""], ""specificity"": ""specific"", ""evidence_strength"": ""moderate"", ""risk_score"": 2, ""risk_label"": ""low"", ""evidence"": [{""modality"": ""text"", ""snippet"": ""Emballage recyclable à 100%"", ""explanation"": ""The text explicitly claims that the packaging is 100% recyclable, which is a specific and measurable sustainability claim.""}, {""modality"": ""image"", ""snippet"": ""Label 'Emballage recyclable à 100%' on packaging"", ""explanation"": ""The packaging image shows a clear label stating the packaging is 100% recyclable, supporting the claim made in the text.""}], ""reasoning_summary"": ""The product packaging and text explicitly claim that the packaging is 100% recyclable, which is a specific and verifiable claim. There are no other sustainability claims or cues beyond this. The presence of a recyclable packaging claim reduces risk, but since no further environmental benefits or certifications are provided, the risk is low rather than none."", ""needs_human_check"": []}",False,False,0,False
P020,True,specific,1,"{""claim_detected"": true, ""claim_modalities"": [""text""], ""claim_types"": [""organic_or_natural"", ""certification_or_label"", ""plant_based""], ""specificity"": ""specific"", ""evidence_strength"": ""strong"", ""risk_score"": 1, ""risk_label"": ""low"", ""evidence"": [{""modality"": ""text"", ""snippet"": ""*Ingrédients biologiques."", ""explanation"": ""Indicates ingredients are organic, a specific and verifiable claim.""}, {""modality"": ""text"", ""snippet"": ""Labels: Organic, Certified by Ecocert, EU Organic, DE-ÖKO-001, AB Agriculture Biologique"", ""explanation"": ""Multiple recognized organic certifications provide strong evidence for organic claim.""}, {""modality"": ""text"", ""snippet"": ""Categories: Plant-based foods and beverages, Plant-based foods"", ""explanation"": ""Clear categorization as plant-based food, a factual product attribute.""}], ""reasoning_summary"": ""The product makes specific, verifiable claims about organic ingredients supported by multiple recognized certifications. It is clearly identified as plant-based. These claims are specific and supported, resulting in a low greenwashing risk score of 1, reflecting weak or indirect cues only since the claims are factual and well substantiated."", ""needs_human_check"": []}",True,specific,1,"{""claim_detected"": true, ""claim_modalities"": [""text"", ""image""], ""claim_types"": [""organic_or_natural"", ""certification_or_label"", ""packaging_reduction""], ""specificity"": ""specific"", ""evidence_strength"": ""strong"", ""risk_score"": 1, ""risk_label"": ""low"", ""evidence"": [{""modality"": ""text"", ""snippet"": ""*Ingrédients biologiques. Labels: Organic, Certified by Ecocert, EU Organic, AB Agriculture Biologique."", ""explanation"": ""The product explicitly states it contains organic ingredients and displays multiple recognized organic certifications, which are specific and verifiable claims.""}, {""modality"": ""image"", ""snippet"": ""\""EMBALLAGE ENTIEREMENT RECYCLABLE\"" (packaging entirely recyclable)"", ""explanation"": ""The packaging clearly states it is fully recyclable, a specific and verifiable environmental claim about packaging.""}], ""reasoning_summary"": ""The product makes clear, specific claims about organic ingredients supported by recognized certifications, and about fully recyclable packaging. These claims are specific and supported by visible labels and text. The presence of multiple organic certifications and a recyclable packaging claim reduces greenwashing risk. The use of natural imagery and green colors supports the organic positioning but is not over-interpreted. Overall, the risk score is low (1) due to the presence of strong, specific claims with visible evidence and no vague or unsupported broad claims."", ""needs_human_check"": []}",False,False,0,False
P021,True,specific,1,"{""claim_detected"": true, ""claim_modalities"": [""text"", ""image""], ""claim_types"": [""organic_or_natural"", ""plant_based"", ""certification_or_label"", ""carbon_or_climate"", ""other""], ""specificity"": ""specific"", ""evidence_strength"": ""strong"", ""risk_score"": 1, ""risk_label"": ""low"", ""evidence"": [{""modality"": ""text"", ""snippet"": ""boisson biologique à base d'amandes sans sucres et d'algue Lithothamnium calcareum source de calcium, avec arôme naturel, stérilisée UHT"", ""explanation"": ""Specifies organic almond-based drink with natural aroma and calcium source from algae, indicating natural and organic ingredients.""}, {""modality"": ""text"", ""snippet"": ""Labels: Organic, Certified by Ecocert, EU Organic, Certified B Corporation, AB Agriculture Biologique, FR-BIO-01, IT-BIO-007, FSC, FSC Mix"", ""explanation"": ""Multiple recognized certifications supporting organic and sustainability claims.""}, {""modality"": ""text"", ""snippet"": ""100% vegetable, No added sugar, No palm oil, Plant-based"", ""explanation"": ""Clear plant-based and no palm oil claims, indicating environmental consideration.""}], ""reasoning_summary"": ""The product makes specific and verifiable sustainability claims including organic certification, plant-based composition, no palm oil, and recognized labels such as Ecocert and B Corporation. These claims are supported by ingredient details and certifications, reducing greenwashing risk. The presence of multiple certifications and specific ingredient information supports a low risk score. The packaging type (Tetra Pak) is noted but does not itself constitute a claim. Overall, the claims are specific and well supported, leading to a low greenwashing concern."", ""needs_human_check"": []}",True,specific,1,"{""claim_detected"": true, ""claim_modalities"": [""text"", ""image""], ""claim_types"": [""organic_or_natural"", ""plant_based"", ""carbon_or_climate"", ""certification_or_label"", ""other""], ""specificity"": ""specific"", ""evidence_strength"": ""strong"", ""risk_score"": 1, ""risk_label"": ""low"", ""evidence"": [{""modality"": ""text"", ""snippet"": ""Organic, Certified by Ecocert, EU Organic, AB Agriculture Biologique, Certified B Corporation, FR-BIO-01, IT-BIO-007, FSC, FSC Mix"", ""explanation"": ""Multiple recognized certifications and labels indicate organic production and sustainability standards, providing strong evidence for the claims.""}, {""modality"": ""text"", ""snippet"": ""100% vegetable, Calcium source, No added sugar, No palm oil"", ""explanation"": ""Specific claims about plant-based origin, nutritional benefit (calcium source), and absence of palm oil and added sugar add to the product's sustainability and health positioning.""}, {""modality"": ""image"", ""snippet"": ""AB Agriculture Biologique logo, 'Sans Sucres Ajoutés', 'BIO', 'Pauvre en acides gras saturés'"", ""explanation"": ""The packaging shows organic certification logos and text emphasizing no added sugar and low saturated fat, supporting the product's health and organic claims.""}], ""reasoning_summary"": ""The product makes multiple explicit sustainability claims including organic certification, plant-based origin, no palm oil, and nutritional benefits. These claims are supported by recognized certification logos visible on the packaging and detailed ingredient and label information. The claims are specific and supported, indicating a low risk of greenwashing. The presence of multiple certifications and specific claims reduces risk, while the natural imagery and green color are consistent but not solely relied upon for claims."", ""needs_human_check"": []}",False,False,0,False
P022,True,specific,1,"{""claim_detected"": true, ""claim_modalities"": [""text""], ""claim_types"": [""organic_or_natural"", ""plant_based"", ""certification_or_label"", ""carbon_or_climate""], ""specificity"": ""specific"", ""evidence_strength"": ""strong"", ""risk_score"": 1, ""risk_label"": ""low"", ""evidence"": [{""modality"": ""text"", ""snippet"": ""Organic, EU Organic, from organic farming, IT-BIO-009"", ""explanation"": ""The product is certified organic with specific certifications and codes, indicating a verifiable claim about organic sourcing.""}, {""modality"": ""text"", ""snippet"": ""Sugar-free plant-based, Vegan, Vegetarian, 100% vegetable"", ""explanation"": ""Clear claims about the product being plant-based and suitable for vegan and vegetarian diets, which are specific and verifiable.""}, {""modality"": ""text"", ""snippet"": ""Labels: FSC, FSC Mix, de:nachhaltige-verpackt, de:ressourcen-schützen"", ""explanation"": ""Presence of FSC certification and German labels indicating sustainable packaging and resource protection, supporting environmental claims.""}], ""reasoning_summary"": ""The product makes multiple specific and verifiable sustainability claims including organic certification, plant-based ingredients, and sustainable packaging certifications. These claims are supported by recognized labels and certifications, reducing greenwashing risk. The presence of multiple certifications and specific ingredient percentages supports a low risk score. No vague or broad claims are present."", ""needs_human_check"": []}",True,mixed,3,"{""claim_detected"": true, ""claim_modalities"": [""text"", ""image""], ""claim_types"": [""organic_or_natural"", ""plant_based"", ""carbon_or_climate"", ""certification_or_label"", ""vague_eco_language""], ""specificity"": ""mixed"", ""evidence_strength"": ""moderate"", ""risk_score"": 3, ""risk_label"": ""medium"", ""evidence"": [{""modality"": ""text"", ""snippet"": ""from organic farming, Organic, EU Organic, IT-BIO-009"", ""explanation"": ""Explicit organic certification claims indicate the product is made with organic ingredients, which is a specific and verifiable sustainability claim.""}, {""modality"": ""text"", ""snippet"": ""Sugar-free plant-based, Vegan, Vegetarian, No gluten, No lactose, 100% vegetable"", ""explanation"": ""Claims about being plant-based, vegan, and free from certain ingredients suggest environmental and health positioning, moderately specific but common claims.""}, {""modality"": ""text"", ""snippet"": ""Labels including FSC, de:nachhaltige-verpackt, de:ressourcen-schützen"", ""explanation"": ""Presence of FSC label and German sustainability packaging/resource protection labels imply some environmental consideration in packaging, but details are not fully visible or explained.""}, {""modality"": ""image"", ""snippet"": ""Bio Organic, Vegan logo, Almond image, 'No sugars'"", ""explanation"": ""Visual cues reinforce organic and vegan claims, and the almond image supports plant-based nature; 'No sugars' is a health claim, not sustainability.""}], ""reasoning_summary"": ""The product makes several explicit sustainability claims including organic certification, plant-based and vegan status, and packaging certifications like FSC. These claims are specific and supported by recognized labels, though some labels are not fully detailed. The presence of multiple certifications and ingredient sourcing claims reduces greenwashing risk. However, some claims like 'Bio Organic' and 'Vegan' are broad and common, and the packaging sustainability claims are not fully detailed, leading to a moderate risk score."", ""needs_human_check"": [""Verification of the authenticity and scope of the FSC and German sustainability packaging labels"", ""Clarification on the extent of organic ingredient sourcing beyond the 2.3% almonds mentioned""]}",False,True,2,True
P023,True,mixed,2,"{""claim_detected"": true, ""claim_modalities"": [""text""], ""claim_types"": [""packaging_reduction"", ""vague_eco_language""], ""specificity"": ""mixed"", ""evidence_strength"": ""weak"", ""risk_score"": 2, ""risk_label"": ""low"", ""evidence"": [{""modality"": ""text"", ""snippet"": ""Empaque biodegradable"", ""explanation"": ""The packaging is claimed to be biodegradable, which is a specific environmental claim about packaging material.""}, {""modality"": ""text"", ""snippet"": ""No colorings"", ""explanation"": ""This is a health-related claim rather than an environmental claim, so it is not considered for greenwashing risk assessment.""}], ""reasoning_summary"": ""The product packaging claims to be biodegradable, which is a specific and measurable environmental claim, reducing greenwashing risk. However, no further details or certifications are provided to support this claim, so evidence strength is weak. Other claims are either health-related or not environmental. Overall, the risk is low due to the limited but specific claim about packaging."", ""needs_human_check"": []}",True,mixed,3,"{""claim_detected"": true, ""claim_modalities"": [""text"", ""image""], ""claim_types"": [""organic_or_natural"", ""packaging_reduction"", ""other""], ""specificity"": ""mixed"", ""evidence_strength"": ""weak"", ""risk_score"": 3, ""risk_label"": ""medium"", ""evidence"": [{""modality"": ""text"", ""snippet"": ""Empaque biodegradable"", ""explanation"": ""The packaging is claimed to be biodegradable, which is a specific environmental claim about packaging material.""}, {""modality"": ""image"", ""snippet"": ""Con masa madre"", ""explanation"": ""The phrase 'con masa madre' (with sourdough) suggests a natural or traditional fermentation process, implying a more natural product, but this is not a direct environmental claim.""}], ""reasoning_summary"": ""The product packaging explicitly claims biodegradable packaging, which is a specific sustainability claim but lacks further details or certification visible. The use of 'con masa madre' implies a natural process but is not a direct environmental claim. The ingredients list includes natural grains and seeds, supporting a natural product positioning. However, the packaging is plastic, which may contradict the biodegradable claim unless the plastic is biodegradable, but this is not specified. Overall, the claims are somewhat specific but weakly supported, leading to a moderate greenwashing risk score of 3."", ""needs_human_check"": [""Verification of the biodegradable nature of the plastic packaging"", ""Clarification on certifications or standards for the biodegradable claim""]}",False,False,1,True
P024,True,mixed,2,"{""claim_detected"": true, ""claim_modalities"": [""text""], ""claim_types"": [""recycled_material"", ""certification_or_label"", ""vague_eco_language""], ""specificity"": ""mixed"", ""evidence_strength"": ""moderate"", ""risk_score"": 2, ""risk_label"": ""low"", ""evidence"": [{""modality"": ""text"", ""snippet"": ""100% Recycled Paperboard"", ""explanation"": ""This is a specific claim about the packaging material being made from 100% recycled paperboard, which is a measurable and verifiable claim.""}, {""modality"": ""text"", ""snippet"": ""No artificial colors"", ""explanation"": ""This is a product ingredient claim indicating absence of artificial colors, which relates to naturalness but not directly to environmental sustainability.""}, {""modality"": ""text"", ""snippet"": ""Kosher, Orthodox Union Kosher"", ""explanation"": ""These are certification labels related to dietary laws, not environmental sustainability.""}], ""reasoning_summary"": ""The product packaging claims 100% recycled paperboard, which is a specific and verifiable sustainability claim about packaging material, reducing environmental impact. The 'No artificial colors' claim relates to product naturalness but is not a direct environmental claim. Kosher certifications are unrelated to sustainability. Overall, the presence of a specific recycled material claim reduces greenwashing risk to low. There are no broad or vague environmental claims, and the evidence is moderate in strength due to the clear recycled content claim."", ""needs_human_check"": []}",True,specific,2,"{""claim_detected"": true, ""claim_modalities"": [""text"", ""image""], ""claim_types"": [""packaging_reduction"", ""other""], ""specificity"": ""specific"", ""evidence_strength"": ""moderate"", ""risk_score"": 2, ""risk_label"": ""low"", ""evidence"": [{""modality"": ""text"", ""snippet"": ""100% Recycled Paperboard"", ""explanation"": ""This is a specific claim about the packaging material being made from 100% recycled paperboard, indicating a sustainability effort in packaging.""}, {""modality"": ""image"", ""snippet"": ""100% Recycled Paperboard label on the top right of the box"", ""explanation"": ""The packaging visually confirms the claim that the paperboard used is 100% recycled, supporting the text claim.""}], ""reasoning_summary"": ""The product packaging explicitly claims the use of 100% recycled paperboard, a specific and measurable sustainability claim related to packaging. There are no other explicit or implicit sustainability claims or cues beyond this. The claim is supported by visible labeling on the packaging, which reduces greenwashing risk. The rest of the packaging and product text do not make broad or vague sustainability claims. Therefore, the risk score is low (2) due to a limited but clear packaging sustainability claim."", ""needs_human_check"": []}",False,True,0,True
